file,path,algo,seed,num_vars,num_clauses,best_c,cpu_time
uf20-0156.cnf,.\PA3_Benchmarks\PA3_Benchmarks\CNF Formulas\uf20-0156.cnf,gsat,1,20,91,91,0.692498
uf20-0156.cnf,.\PA3_Benchmarks\PA3_Benchmarks\CNF Formulas\uf20-0156.cnf,gsat,2,20,91,91,0.686675
uf20-0156.cnf,.\PA3_Benchmarks\PA3_Benchmarks\CNF Formulas\uf20-0156.cnf,gsat,3,20,91,90,0.69721
uf20-0156.cnf,.\PA3_Benchmarks\PA3_Benchmarks\CNF Formulas\uf20-0156.cnf,gsat,4,20,91,90,0.688111
uf20-0156.cnf,.\PA3_Benchmarks\PA3_Benchmarks\CNF Formulas\uf20-0156.cnf,gsat,5,20,91,90,0.666212
uf20-0156.cnf,.\PA3_Benchmarks\PA3_Benchmarks\CNF Formulas\uf20-0156.cnf,gsat,6,20,91,91,0.683018
uf20-0156.cnf,.\PA3_Benchmarks\PA3_Benchmarks\CNF Formulas\uf20-0156.cnf,gsat,7,20,91,91,0.673361
uf20-0156.cnf,.\PA3_Benchmarks\PA3_Benchmarks\CNF Formulas\uf20-0156.cnf,gsat,8,20,91,91,0.6952
uf20-0156.cnf,.\PA3_Benchmarks\PA3_Benchmarks\CNF Formulas\uf20-0156.cnf,gsat,9,20,91,90,0.712519
uf20-0156.cnf,.\PA3_Benchmarks\PA3_Benchmarks\CNF Formulas\uf20-0156.cnf,gsat,10,20,91,91,0.697051
uf20-0157.cnf,.\PA3_Benchmarks\PA3_Benchmarks\CNF Formulas\uf20-0157.cnf,gsat,1,20,91,89,0.679509
uf20-0157.cnf,.\PA3_Benchmarks\PA3_Benchmarks\CNF Formulas\uf20-0157.cnf,gsat,2,20,91,89,0.674087
uf20-0157.cnf,.\PA3_Benchmarks\PA3_Benchmarks\CNF Formulas\uf20-0157.cnf,gsat,3,20,91,91,0.688595
uf20-0157.cnf,.\PA3_Benchmarks\PA3_Benchmarks\CNF Formulas\uf20-0157.cnf,gsat,4,20,91,90,0.704706
uf20-0157.cnf,.\PA3_Benchmarks\PA3_Benchmarks\CNF Formulas\uf20-0157.cnf,gsat,5,20,91,91,0.688011
uf20-0157.cnf,.\PA3_Benchmarks\PA3_Benchmarks\CNF Formulas\uf20-0157.cnf,gsat,6,20,91,89,0.682684
uf20-0157.cnf,.\PA3_Benchmarks\PA3_Benchmarks\CNF Formulas\uf20-0157.cnf,gsat,7,20,91,91,0.680446
uf20-0157.cnf,.\PA3_Benchmarks\PA3_Benchmarks\CNF Formulas\uf20-0157.cnf,gsat,8,20,91,88,0.690594
uf20-0157.cnf,.\PA3_Benchmarks\PA3_Benchmarks\CNF Formulas\uf20-0157.cnf,gsat,9,20,91,90,0.670699
uf20-0157.cnf,.\PA3_Benchmarks\PA3_Benchmarks\CNF Formulas\uf20-0157.cnf,gsat,10,20,91,89,0.684523
uf20-0158.cnf,.\PA3_Benchmarks\PA3_Benchmarks\CNF Formulas\uf20-0158.cnf,gsat,1,20,91,90,0.666107
uf20-0158.cnf,.\PA3_Benchmarks\PA3_Benchmarks\CNF Formulas\uf20-0158.cnf,gsat,2,20,91,90,0.659863
uf20-0158.cnf,.\PA3_Benchmarks\PA3_Benchmarks\CNF Formulas\uf20-0158.cnf,gsat,3,20,91,90,0.66168
uf20-0158.cnf,.\PA3_Benchmarks\PA3_Benchmarks\CNF Formulas\uf20-0158.cnf,gsat,4,20,91,90,0.656609
uf20-0158.cnf,.\PA3_Benchmarks\PA3_Benchmarks\CNF Formulas\uf20-0158.cnf,gsat,5,20,91,90,0.69703
uf20-0158.cnf,.\PA3_Benchmarks\PA3_Benchmarks\CNF Formulas\uf20-0158.cnf,gsat,6,20,91,91,0.656152
uf20-0158.cnf,.\PA3_Benchmarks\PA3_Benchmarks\CNF Formulas\uf20-0158.cnf,gsat,7,20,91,90,0.681561
uf20-0158.cnf,.\PA3_Benchmarks\PA3_Benchmarks\CNF Formulas\uf20-0158.cnf,gsat,8,20,91,91,0.664512
uf20-0158.cnf,.\PA3_Benchmarks\PA3_Benchmarks\CNF Formulas\uf20-0158.cnf,gsat,9,20,91,90,0.68173
uf20-0158.cnf,.\PA3_Benchmarks\PA3_Benchmarks\CNF Formulas\uf20-0158.cnf,gsat,10,20,91,90,0.688948
uf20-0159.cnf,.\PA3_Benchmarks\PA3_Benchmarks\CNF Formulas\uf20-0159.cnf,gsat,1,20,91,90,0.669201
uf20-0159.cnf,.\PA3_Benchmarks\PA3_Benchmarks\CNF Formulas\uf20-0159.cnf,gsat,2,20,91,91,0.669774
uf20-0159.cnf,.\PA3_Benchmarks\PA3_Benchmarks\CNF Formulas\uf20-0159.cnf,gsat,3,20,91,90,0.683876
uf20-0159.cnf,.\PA3_Benchmarks\PA3_Benchmarks\CNF Formulas\uf20-0159.cnf,gsat,4,20,91,91,0.699566
uf20-0159.cnf,.\PA3_Benchmarks\PA3_Benchmarks\CNF Formulas\uf20-0159.cnf,gsat,5,20,91,91,0.706182
uf20-0159.cnf,.\PA3_Benchmarks\PA3_Benchmarks\CNF Formulas\uf20-0159.cnf,gsat,6,20,91,90,0.68776
uf20-0159.cnf,.\PA3_Benchmarks\PA3_Benchmarks\CNF Formulas\uf20-0159.cnf,gsat,7,20,91,90,0.699909
uf20-0159.cnf,.\PA3_Benchmarks\PA3_Benchmarks\CNF Formulas\uf20-0159.cnf,gsat,8,20,91,91,0.686505
uf20-0159.cnf,.\PA3_Benchmarks\PA3_Benchmarks\CNF Formulas\uf20-0159.cnf,gsat,9,20,91,89,0.736648
uf20-0159.cnf,.\PA3_Benchmarks\PA3_Benchmarks\CNF Formulas\uf20-0159.cnf,gsat,10,20,91,90,0.730668
uf20-0160.cnf,.\PA3_Benchmarks\PA3_Benchmarks\CNF Formulas\uf20-0160.cnf,gsat,1,20,91,91,0.653298
uf20-0160.cnf,.\PA3_Benchmarks\PA3_Benchmarks\CNF Formulas\uf20-0160.cnf,gsat,2,20,91,91,0.650375
uf20-0160.cnf,.\PA3_Benchmarks\PA3_Benchmarks\CNF Formulas\uf20-0160.cnf,gsat,3,20,91,91,0.670883
uf20-0160.cnf,.\PA3_Benchmarks\PA3_Benchmarks\CNF Formulas\uf20-0160.cnf,gsat,4,20,91,89,0.675336
uf20-0160.cnf,.\PA3_Benchmarks\PA3_Benchmarks\CNF Formulas\uf20-0160.cnf,gsat,5,20,91,91,0.651407
uf20-0160.cnf,.\PA3_Benchmarks\PA3_Benchmarks\CNF Formulas\uf20-0160.cnf,gsat,6,20,91,91,0.67499
uf20-0160.cnf,.\PA3_Benchmarks\PA3_Benchmarks\CNF Formulas\uf20-0160.cnf,gsat,7,20,91,91,0.682545
uf20-0160.cnf,.\PA3_Benchmarks\PA3_Benchmarks\CNF Formulas\uf20-0160.cnf,gsat,8,20,91,91,0.660065
uf20-0160.cnf,.\PA3_Benchmarks\PA3_Benchmarks\CNF Formulas\uf20-0160.cnf,gsat,9,20,91,91,0.661042
uf20-0160.cnf,.\PA3_Benchmarks\PA3_Benchmarks\CNF Formulas\uf20-0160.cnf,gsat,10,20,91,91,0.647459
uf20-0161.cnf,.\PA3_Benchmarks\PA3_Benchmarks\CNF Formulas\uf20-0161.cnf,gsat,1,20,91,90,0.692734
uf20-0161.cnf,.\PA3_Benchmarks\PA3_Benchmarks\CNF Formulas\uf20-0161.cnf,gsat,2,20,91,89,0.68798
uf20-0161.cnf,.\PA3_Benchmarks\PA3_Benchmarks\CNF Formulas\uf20-0161.cnf,gsat,3,20,91,91,0.689391
uf20-0161.cnf,.\PA3_Benchmarks\PA3_Benchmarks\CNF Formulas\uf20-0161.cnf,gsat,4,20,91,91,0.688396
uf20-0161.cnf,.\PA3_Benchmarks\PA3_Benchmarks\CNF Formulas\uf20-0161.cnf,gsat,5,20,91,89,0.675956
uf20-0161.cnf,.\PA3_Benchmarks\PA3_Benchmarks\CNF Formulas\uf20-0161.cnf,gsat,6,20,91,91,0.675656
uf20-0161.cnf,.\PA3_Benchmarks\PA3_Benchmarks\CNF Formulas\uf20-0161.cnf,gsat,7,20,91,89,0.663404
uf20-0161.cnf,.\PA3_Benchmarks\PA3_Benchmarks\CNF Formulas\uf20-0161.cnf,gsat,8,20,91,89,0.65967
uf20-0161.cnf,.\PA3_Benchmarks\PA3_Benchmarks\CNF Formulas\uf20-0161.cnf,gsat,9,20,91,91,0.66711
uf20-0161.cnf,.\PA3_Benchmarks\PA3_Benchmarks\CNF Formulas\uf20-0161.cnf,gsat,10,20,91,91,0.676931
uf20-0162.cnf,.\PA3_Benchmarks\PA3_Benchmarks\CNF Formulas\uf20-0162.cnf,gsat,1,20,91,91,0.689509
uf20-0162.cnf,.\PA3_Benchmarks\PA3_Benchmarks\CNF Formulas\uf20-0162.cnf,gsat,2,20,91,89,0.686216
uf20-0162.cnf,.\PA3_Benchmarks\PA3_Benchmarks\CNF Formulas\uf20-0162.cnf,gsat,3,20,91,89,0.745819
uf20-0162.cnf,.\PA3_Benchmarks\PA3_Benchmarks\CNF Formulas\uf20-0162.cnf,gsat,4,20,91,91,0.798636
uf20-0162.cnf,.\PA3_Benchmarks\PA3_Benchmarks\CNF Formulas\uf20-0162.cnf,gsat,5,20,91,89,0.71622
uf20-0162.cnf,.\PA3_Benchmarks\PA3_Benchmarks\CNF Formulas\uf20-0162.cnf,gsat,6,20,91,91,0.67052
uf20-0162.cnf,.\PA3_Benchmarks\PA3_Benchmarks\CNF Formulas\uf20-0162.cnf,gsat,7,20,91,91,0.717679
uf20-0162.cnf,.\PA3_Benchmarks\PA3_Benchmarks\CNF Formulas\uf20-0162.cnf,gsat,8,20,91,91,0.689622
uf20-0162.cnf,.\PA3_Benchmarks\PA3_Benchmarks\CNF Formulas\uf20-0162.cnf,gsat,9,20,91,91,0.67153
uf20-0162.cnf,.\PA3_Benchmarks\PA3_Benchmarks\CNF Formulas\uf20-0162.cnf,gsat,10,20,91,90,0.683845
uf20-0163.cnf,.\PA3_Benchmarks\PA3_Benchmarks\CNF Formulas\uf20-0163.cnf,gsat,1,20,91,90,0.662622
uf20-0163.cnf,.\PA3_Benchmarks\PA3_Benchmarks\CNF Formulas\uf20-0163.cnf,gsat,2,20,91,91,0.655833
uf20-0163.cnf,.\PA3_Benchmarks\PA3_Benchmarks\CNF Formulas\uf20-0163.cnf,gsat,3,20,91,91,0.673268
uf20-0163.cnf,.\PA3_Benchmarks\PA3_Benchmarks\CNF Formulas\uf20-0163.cnf,gsat,4,20,91,91,0.68724
uf20-0163.cnf,.\PA3_Benchmarks\PA3_Benchmarks\CNF Formulas\uf20-0163.cnf,gsat,5,20,91,91,0.720897
uf20-0163.cnf,.\PA3_Benchmarks\PA3_Benchmarks\CNF Formulas\uf20-0163.cnf,gsat,6,20,91,91,0.689295
uf20-0163.cnf,.\PA3_Benchmarks\PA3_Benchmarks\CNF Formulas\uf20-0163.cnf,gsat,7,20,91,90,0.680564
uf20-0163.cnf,.\PA3_Benchmarks\PA3_Benchmarks\CNF Formulas\uf20-0163.cnf,gsat,8,20,91,91,0.672741
uf20-0163.cnf,.\PA3_Benchmarks\PA3_Benchmarks\CNF Formulas\uf20-0163.cnf,gsat,9,20,91,90,0.684381
uf20-0163.cnf,.\PA3_Benchmarks\PA3_Benchmarks\CNF Formulas\uf20-0163.cnf,gsat,10,20,91,90,0.682463
uf20-0164.cnf,.\PA3_Benchmarks\PA3_Benchmarks\CNF Formulas\uf20-0164.cnf,gsat,1,20,91,91,0.690545
uf20-0164.cnf,.\PA3_Benchmarks\PA3_Benchmarks\CNF Formulas\uf20-0164.cnf,gsat,2,20,91,91,0.661417
uf20-0164.cnf,.\PA3_Benchmarks\PA3_Benchmarks\CNF Formulas\uf20-0164.cnf,gsat,3,20,91,91,0.695204
uf20-0164.cnf,.\PA3_Benchmarks\PA3_Benchmarks\CNF Formulas\uf20-0164.cnf,gsat,4,20,91,91,0.679993
uf20-0164.cnf,.\PA3_Benchmarks\PA3_Benchmarks\CNF Formulas\uf20-0164.cnf,gsat,5,20,91,91,0.67022
uf20-0164.cnf,.\PA3_Benchmarks\PA3_Benchmarks\CNF Formulas\uf20-0164.cnf,gsat,6,20,91,91,0.673542
uf20-0164.cnf,.\PA3_Benchmarks\PA3_Benchmarks\CNF Formulas\uf20-0164.cnf,gsat,7,20,91,91,0.67854
uf20-0164.cnf,.\PA3_Benchmarks\PA3_Benchmarks\CNF Formulas\uf20-0164.cnf,gsat,8,20,91,91,0.671382
uf20-0164.cnf,.\PA3_Benchmarks\PA3_Benchmarks\CNF Formulas\uf20-0164.cnf,gsat,9,20,91,91,0.668831
uf20-0164.cnf,.\PA3_Benchmarks\PA3_Benchmarks\CNF Formulas\uf20-0164.cnf,gsat,10,20,91,91,0.675609
uf20-0165.cnf,.\PA3_Benchmarks\PA3_Benchmarks\CNF Formulas\uf20-0165.cnf,gsat,1,20,91,90,0.679048
uf20-0165.cnf,.\PA3_Benchmarks\PA3_Benchmarks\CNF Formulas\uf20-0165.cnf,gsat,2,20,91,91,0.647368
uf20-0165.cnf,.\PA3_Benchmarks\PA3_Benchmarks\CNF Formulas\uf20-0165.cnf,gsat,3,20,91,91,0.642016
uf20-0165.cnf,.\PA3_Benchmarks\PA3_Benchmarks\CNF Formulas\uf20-0165.cnf,gsat,4,20,91,91,0.662348
uf20-0165.cnf,.\PA3_Benchmarks\PA3_Benchmarks\CNF Formulas\uf20-0165.cnf,gsat,5,20,91,91,0.645794
uf20-0165.cnf,.\PA3_Benchmarks\PA3_Benchmarks\CNF Formulas\uf20-0165.cnf,gsat,6,20,91,91,0.660508
uf20-0165.cnf,.\PA3_Benchmarks\PA3_Benchmarks\CNF Formulas\uf20-0165.cnf,gsat,7,20,91,91,0.639416
uf20-0165.cnf,.\PA3_Benchmarks\PA3_Benchmarks\CNF Formulas\uf20-0165.cnf,gsat,8,20,91,90,0.654381
uf20-0165.cnf,.\PA3_Benchmarks\PA3_Benchmarks\CNF Formulas\uf20-0165.cnf,gsat,9,20,91,90,0.682135
uf20-0165.cnf,.\PA3_Benchmarks\PA3_Benchmarks\CNF Formulas\uf20-0165.cnf,gsat,10,20,91,91,0.644491
uf50-01.cnf,.\PA3_Benchmarks\PA3_Benchmarks\CNF Formulas\uf50-01.cnf,gsat,1,50,218,218,3.767996
uf50-01.cnf,.\PA3_Benchmarks\PA3_Benchmarks\CNF Formulas\uf50-01.cnf,gsat,2,50,218,215,3.844357
uf50-01.cnf,.\PA3_Benchmarks\PA3_Benchmarks\CNF Formulas\uf50-01.cnf,gsat,3,50,218,216,3.83039
uf50-01.cnf,.\PA3_Benchmarks\PA3_Benchmarks\CNF Formulas\uf50-01.cnf,gsat,4,50,218,216,4.023693
uf50-01.cnf,.\PA3_Benchmarks\PA3_Benchmarks\CNF Formulas\uf50-01.cnf,gsat,5,50,218,217,3.993622
uf50-01.cnf,.\PA3_Benchmarks\PA3_Benchmarks\CNF Formulas\uf50-01.cnf,gsat,6,50,218,218,3.761781
uf50-01.cnf,.\PA3_Benchmarks\PA3_Benchmarks\CNF Formulas\uf50-01.cnf,gsat,7,50,218,217,3.809555
uf50-01.cnf,.\PA3_Benchmarks\PA3_Benchmarks\CNF Formulas\uf50-01.cnf,gsat,8,50,218,216,3.838009
uf50-01.cnf,.\PA3_Benchmarks\PA3_Benchmarks\CNF Formulas\uf50-01.cnf,gsat,9,50,218,218,3.832217
uf50-01.cnf,.\PA3_Benchmarks\PA3_Benchmarks\CNF Formulas\uf50-01.cnf,gsat,10,50,218,215,3.835141
uf50-010.cnf,.\PA3_Benchmarks\PA3_Benchmarks\CNF Formulas\uf50-010.cnf,gsat,1,50,218,218,3.825923
uf50-010.cnf,.\PA3_Benchmarks\PA3_Benchmarks\CNF Formulas\uf50-010.cnf,gsat,2,50,218,217,3.968992
uf50-010.cnf,.\PA3_Benchmarks\PA3_Benchmarks\CNF Formulas\uf50-010.cnf,gsat,3,50,218,216,3.799587
uf50-010.cnf,.\PA3_Benchmarks\PA3_Benchmarks\CNF Formulas\uf50-010.cnf,gsat,4,50,218,218,3.87231
uf50-010.cnf,.\PA3_Benchmarks\PA3_Benchmarks\CNF Formulas\uf50-010.cnf,gsat,5,50,218,213,3.879991
uf50-010.cnf,.\PA3_Benchmarks\PA3_Benchmarks\CNF Formulas\uf50-010.cnf,gsat,6,50,218,218,3.856956
uf50-010.cnf,.\PA3_Benchmarks\PA3_Benchmarks\CNF Formulas\uf50-010.cnf,gsat,7,50,218,216,3.794351
uf50-010.cnf,.\PA3_Benchmarks\PA3_Benchmarks\CNF Formulas\uf50-010.cnf,gsat,8,50,218,218,3.82747
uf50-010.cnf,.\PA3_Benchmarks\PA3_Benchmarks\CNF Formulas\uf50-010.cnf,gsat,9,50,218,217,3.781569
uf50-010.cnf,.\PA3_Benchmarks\PA3_Benchmarks\CNF Formulas\uf50-010.cnf,gsat,10,50,218,218,3.83765
uf50-02.cnf,.\PA3_Benchmarks\PA3_Benchmarks\CNF Formulas\uf50-02.cnf,gsat,1,50,218,217,3.700321
uf50-02.cnf,.\PA3_Benchmarks\PA3_Benchmarks\CNF Formulas\uf50-02.cnf,gsat,2,50,218,216,3.705255
uf50-02.cnf,.\PA3_Benchmarks\PA3_Benchmarks\CNF Formulas\uf50-02.cnf,gsat,3,50,218,218,3.756601
uf50-02.cnf,.\PA3_Benchmarks\PA3_Benchmarks\CNF Formulas\uf50-02.cnf,gsat,4,50,218,218,3.757043
uf50-02.cnf,.\PA3_Benchmarks\PA3_Benchmarks\CNF Formulas\uf50-02.cnf,gsat,5,50,218,216,3.696844
uf50-02.cnf,.\PA3_Benchmarks\PA3_Benchmarks\CNF Formulas\uf50-02.cnf,gsat,6,50,218,217,3.755188
uf50-02.cnf,.\PA3_Benchmarks\PA3_Benchmarks\CNF Formulas\uf50-02.cnf,gsat,7,50,218,217,3.635901
uf50-02.cnf,.\PA3_Benchmarks\PA3_Benchmarks\CNF Formulas\uf50-02.cnf,gsat,8,50,218,218,3.751783
uf50-02.cnf,.\PA3_Benchmarks\PA3_Benchmarks\CNF Formulas\uf50-02.cnf,gsat,9,50,218,216,3.701543
uf50-02.cnf,.\PA3_Benchmarks\PA3_Benchmarks\CNF Formulas\uf50-02.cnf,gsat,10,50,218,217,3.655565
uf50-03.cnf,.\PA3_Benchmarks\PA3_Benchmarks\CNF Formulas\uf50-03.cnf,gsat,1,50,218,218,3.673517
uf50-03.cnf,.\PA3_Benchmarks\PA3_Benchmarks\CNF Formulas\uf50-03.cnf,gsat,2,50,218,217,3.721083
uf50-03.cnf,.\PA3_Benchmarks\PA3_Benchmarks\CNF Formulas\uf50-03.cnf,gsat,3,50,218,215,3.879542
uf50-03.cnf,.\PA3_Benchmarks\PA3_Benchmarks\CNF Formulas\uf50-03.cnf,gsat,4,50,218,217,3.735743
uf50-03.cnf,.\PA3_Benchmarks\PA3_Benchmarks\CNF Formulas\uf50-03.cnf,gsat,5,50,218,218,3.691876
uf50-03.cnf,.\PA3_Benchmarks\PA3_Benchmarks\CNF Formulas\uf50-03.cnf,gsat,6,50,218,218,3.684146
uf50-03.cnf,.\PA3_Benchmarks\PA3_Benchmarks\CNF Formulas\uf50-03.cnf,gsat,7,50,218,216,3.738385
uf50-03.cnf,.\PA3_Benchmarks\PA3_Benchmarks\CNF Formulas\uf50-03.cnf,gsat,8,50,218,218,3.705982
uf50-03.cnf,.\PA3_Benchmarks\PA3_Benchmarks\CNF Formulas\uf50-03.cnf,gsat,9,50,218,214,3.764314
uf50-03.cnf,.\PA3_Benchmarks\PA3_Benchmarks\CNF Formulas\uf50-03.cnf,gsat,10,50,218,218,3.688183
uf50-04.cnf,.\PA3_Benchmarks\PA3_Benchmarks\CNF Formulas\uf50-04.cnf,gsat,1,50,218,217,3.708726
uf50-04.cnf,.\PA3_Benchmarks\PA3_Benchmarks\CNF Formulas\uf50-04.cnf,gsat,2,50,218,215,3.764849
uf50-04.cnf,.\PA3_Benchmarks\PA3_Benchmarks\CNF Formulas\uf50-04.cnf,gsat,3,50,218,215,3.919095
uf50-04.cnf,.\PA3_Benchmarks\PA3_Benchmarks\CNF Formulas\uf50-04.cnf,gsat,4,50,218,216,3.847999
uf50-04.cnf,.\PA3_Benchmarks\PA3_Benchmarks\CNF Formulas\uf50-04.cnf,gsat,5,50,218,218,3.755332
uf50-04.cnf,.\PA3_Benchmarks\PA3_Benchmarks\CNF Formulas\uf50-04.cnf,gsat,6,50,218,218,3.723794
uf50-04.cnf,.\PA3_Benchmarks\PA3_Benchmarks\CNF Formulas\uf50-04.cnf,gsat,7,50,218,217,3.792108
uf50-04.cnf,.\PA3_Benchmarks\PA3_Benchmarks\CNF Formulas\uf50-04.cnf,gsat,8,50,218,218,3.789341
uf50-04.cnf,.\PA3_Benchmarks\PA3_Benchmarks\CNF Formulas\uf50-04.cnf,gsat,9,50,218,215,3.815179
uf50-04.cnf,.\PA3_Benchmarks\PA3_Benchmarks\CNF Formulas\uf50-04.cnf,gsat,10,50,218,216,3.840575
uf50-05.cnf,.\PA3_Benchmarks\PA3_Benchmarks\CNF Formulas\uf50-05.cnf,gsat,1,50,218,218,3.67796
uf50-05.cnf,.\PA3_Benchmarks\PA3_Benchmarks\CNF Formulas\uf50-05.cnf,gsat,2,50,218,218,3.750009
uf50-05.cnf,.\PA3_Benchmarks\PA3_Benchmarks\CNF Formulas\uf50-05.cnf,gsat,3,50,218,218,3.760939
uf50-05.cnf,.\PA3_Benchmarks\PA3_Benchmarks\CNF Formulas\uf50-05.cnf,gsat,4,50,218,218,3.786227
uf50-05.cnf,.\PA3_Benchmarks\PA3_Benchmarks\CNF Formulas\uf50-05.cnf,gsat,5,50,218,218,3.765002
uf50-05.cnf,.\PA3_Benchmarks\PA3_Benchmarks\CNF Formulas\uf50-05.cnf,gsat,6,50,218,218,3.725312
uf50-05.cnf,.\PA3_Benchmarks\PA3_Benchmarks\CNF Formulas\uf50-05.cnf,gsat,7,50,218,218,3.688221
uf50-05.cnf,.\PA3_Benchmarks\PA3_Benchmarks\CNF Formulas\uf50-05.cnf,gsat,8,50,218,218,3.722757
uf50-05.cnf,.\PA3_Benchmarks\PA3_Benchmarks\CNF Formulas\uf50-05.cnf,gsat,9,50,218,217,3.719424
uf50-05.cnf,.\PA3_Benchmarks\PA3_Benchmarks\CNF Formulas\uf50-05.cnf,gsat,10,50,218,218,3.821568
uf50-06.cnf,.\PA3_Benchmarks\PA3_Benchmarks\CNF Formulas\uf50-06.cnf,gsat,1,50,218,217,3.865184
uf50-06.cnf,.\PA3_Benchmarks\PA3_Benchmarks\CNF Formulas\uf50-06.cnf,gsat,2,50,218,216,3.642738
uf50-06.cnf,.\PA3_Benchmarks\PA3_Benchmarks\CNF Formulas\uf50-06.cnf,gsat,3,50,218,217,3.731135
uf50-06.cnf,.\PA3_Benchmarks\PA3_Benchmarks\CNF Formulas\uf50-06.cnf,gsat,4,50,218,217,3.857658
uf50-06.cnf,.\PA3_Benchmarks\PA3_Benchmarks\CNF Formulas\uf50-06.cnf,gsat,5,50,218,217,3.748823
uf50-06.cnf,.\PA3_Benchmarks\PA3_Benchmarks\CNF Formulas\uf50-06.cnf,gsat,6,50,218,217,3.769022
uf50-06.cnf,.\PA3_Benchmarks\PA3_Benchmarks\CNF Formulas\uf50-06.cnf,gsat,7,50,218,218,3.690102
uf50-06.cnf,.\PA3_Benchmarks\PA3_Benchmarks\CNF Formulas\uf50-06.cnf,gsat,8,50,218,217,3.789588
uf50-06.cnf,.\PA3_Benchmarks\PA3_Benchmarks\CNF Formulas\uf50-06.cnf,gsat,9,50,218,217,3.679578
uf50-06.cnf,.\PA3_Benchmarks\PA3_Benchmarks\CNF Formulas\uf50-06.cnf,gsat,10,50,218,217,3.727224
uf50-07.cnf,.\PA3_Benchmarks\PA3_Benchmarks\CNF Formulas\uf50-07.cnf,gsat,1,50,218,217,3.798704
uf50-07.cnf,.\PA3_Benchmarks\PA3_Benchmarks\CNF Formulas\uf50-07.cnf,gsat,2,50,218,217,3.672116
uf50-07.cnf,.\PA3_Benchmarks\PA3_Benchmarks\CNF Formulas\uf50-07.cnf,gsat,3,50,218,216,3.865466
uf50-07.cnf,.\PA3_Benchmarks\PA3_Benchmarks\CNF Formulas\uf50-07.cnf,gsat,4,50,218,218,3.772889
uf50-07.cnf,.\PA3_Benchmarks\PA3_Benchmarks\CNF Formulas\uf50-07.cnf,gsat,5,50,218,218,3.81383
uf50-07.cnf,.\PA3_Benchmarks\PA3_Benchmarks\CNF Formulas\uf50-07.cnf,gsat,6,50,218,218,3.738836
uf50-07.cnf,.\PA3_Benchmarks\PA3_Benchmarks\CNF Formulas\uf50-07.cnf,gsat,7,50,218,218,3.757735
uf50-07.cnf,.\PA3_Benchmarks\PA3_Benchmarks\CNF Formulas\uf50-07.cnf,gsat,8,50,218,214,3.873029
uf50-07.cnf,.\PA3_Benchmarks\PA3_Benchmarks\CNF Formulas\uf50-07.cnf,gsat,9,50,218,218,3.727565
uf50-07.cnf,.\PA3_Benchmarks\PA3_Benchmarks\CNF Formulas\uf50-07.cnf,gsat,10,50,218,218,3.800124
uf50-08.cnf,.\PA3_Benchmarks\PA3_Benchmarks\CNF Formulas\uf50-08.cnf,gsat,1,50,218,216,3.737815
uf50-08.cnf,.\PA3_Benchmarks\PA3_Benchmarks\CNF Formulas\uf50-08.cnf,gsat,2,50,218,218,3.64452
uf50-08.cnf,.\PA3_Benchmarks\PA3_Benchmarks\CNF Formulas\uf50-08.cnf,gsat,3,50,218,216,3.814205
uf50-08.cnf,.\PA3_Benchmarks\PA3_Benchmarks\CNF Formulas\uf50-08.cnf,gsat,4,50,218,216,3.734535
uf50-08.cnf,.\PA3_Benchmarks\PA3_Benchmarks\CNF Formulas\uf50-08.cnf,gsat,5,50,218,217,3.744749
uf50-08.cnf,.\PA3_Benchmarks\PA3_Benchmarks\CNF Formulas\uf50-08.cnf,gsat,6,50,218,218,3.707016
uf50-08.cnf,.\PA3_Benchmarks\PA3_Benchmarks\CNF Formulas\uf50-08.cnf,gsat,7,50,218,217,3.69223
uf50-08.cnf,.\PA3_Benchmarks\PA3_Benchmarks\CNF Formulas\uf50-08.cnf,gsat,8,50,218,216,3.763622
uf50-08.cnf,.\PA3_Benchmarks\PA3_Benchmarks\CNF Formulas\uf50-08.cnf,gsat,9,50,218,218,3.713739
uf50-08.cnf,.\PA3_Benchmarks\PA3_Benchmarks\CNF Formulas\uf50-08.cnf,gsat,10,50,218,216,3.731833
uf50-09.cnf,.\PA3_Benchmarks\PA3_Benchmarks\CNF Formulas\uf50-09.cnf,gsat,1,50,218,218,3.706841
uf50-09.cnf,.\PA3_Benchmarks\PA3_Benchmarks\CNF Formulas\uf50-09.cnf,gsat,2,50,218,217,3.918743
uf50-09.cnf,.\PA3_Benchmarks\PA3_Benchmarks\CNF Formulas\uf50-09.cnf,gsat,3,50,218,218,3.735075
uf50-09.cnf,.\PA3_Benchmarks\PA3_Benchmarks\CNF Formulas\uf50-09.cnf,gsat,4,50,218,217,3.892845
uf50-09.cnf,.\PA3_Benchmarks\PA3_Benchmarks\CNF Formulas\uf50-09.cnf,gsat,5,50,218,217,3.889401
uf50-09.cnf,.\PA3_Benchmarks\PA3_Benchmarks\CNF Formulas\uf50-09.cnf,gsat,6,50,218,217,3.825365
uf50-09.cnf,.\PA3_Benchmarks\PA3_Benchmarks\CNF Formulas\uf50-09.cnf,gsat,7,50,218,218,3.753529
uf50-09.cnf,.\PA3_Benchmarks\PA3_Benchmarks\CNF Formulas\uf50-09.cnf,gsat,8,50,218,217,3.822965
uf50-09.cnf,.\PA3_Benchmarks\PA3_Benchmarks\CNF Formulas\uf50-09.cnf,gsat,9,50,218,218,3.713982
uf50-09.cnf,.\PA3_Benchmarks\PA3_Benchmarks\CNF Formulas\uf50-09.cnf,gsat,10,50,218,217,3.7906
uf75-01.cnf,.\PA3_Benchmarks\PA3_Benchmarks\CNF Formulas\uf75-01.cnf,gsat,1,75,325,324,8.253372
uf75-01.cnf,.\PA3_Benchmarks\PA3_Benchmarks\CNF Formulas\uf75-01.cnf,gsat,2,75,325,322,8.318537
uf75-01.cnf,.\PA3_Benchmarks\PA3_Benchmarks\CNF Formulas\uf75-01.cnf,gsat,3,75,325,323,8.530777
uf75-01.cnf,.\PA3_Benchmarks\PA3_Benchmarks\CNF Formulas\uf75-01.cnf,gsat,4,75,325,321,8.596829
uf75-01.cnf,.\PA3_Benchmarks\PA3_Benchmarks\CNF Formulas\uf75-01.cnf,gsat,5,75,325,325,8.347121
uf75-01.cnf,.\PA3_Benchmarks\PA3_Benchmarks\CNF Formulas\uf75-01.cnf,gsat,6,75,325,323,8.413122
uf75-01.cnf,.\PA3_Benchmarks\PA3_Benchmarks\CNF Formulas\uf75-01.cnf,gsat,7,75,325,325,8.211759
uf75-01.cnf,.\PA3_Benchmarks\PA3_Benchmarks\CNF Formulas\uf75-01.cnf,gsat,8,75,325,323,8.362037
uf75-01.cnf,.\PA3_Benchmarks\PA3_Benchmarks\CNF Formulas\uf75-01.cnf,gsat,9,75,325,323,8.461625
uf75-01.cnf,.\PA3_Benchmarks\PA3_Benchmarks\CNF Formulas\uf75-01.cnf,gsat,10,75,325,325,8.481627
uf75-010.cnf,.\PA3_Benchmarks\PA3_Benchmarks\CNF Formulas\uf75-010.cnf,gsat,1,75,325,324,8.258086
uf75-010.cnf,.\PA3_Benchmarks\PA3_Benchmarks\CNF Formulas\uf75-010.cnf,gsat,2,75,325,325,8.1728
uf75-010.cnf,.\PA3_Benchmarks\PA3_Benchmarks\CNF Formulas\uf75-010.cnf,gsat,3,75,325,325,8.247654
uf75-010.cnf,.\PA3_Benchmarks\PA3_Benchmarks\CNF Formulas\uf75-010.cnf,gsat,4,75,325,324,8.367546
uf75-010.cnf,.\PA3_Benchmarks\PA3_Benchmarks\CNF Formulas\uf75-010.cnf,gsat,5,75,325,325,8.267538
uf75-010.cnf,.\PA3_Benchmarks\PA3_Benchmarks\CNF Formulas\uf75-010.cnf,gsat,6,75,325,325,8.225465
uf75-010.cnf,.\PA3_Benchmarks\PA3_Benchmarks\CNF Formulas\uf75-010.cnf,gsat,7,75,325,325,8.172075
uf75-010.cnf,.\PA3_Benchmarks\PA3_Benchmarks\CNF Formulas\uf75-010.cnf,gsat,8,75,325,325,8.385065
uf75-010.cnf,.\PA3_Benchmarks\PA3_Benchmarks\CNF Formulas\uf75-010.cnf,gsat,9,75,325,325,8.163713
uf75-010.cnf,.\PA3_Benchmarks\PA3_Benchmarks\CNF Formulas\uf75-010.cnf,gsat,10,75,325,325,8.2421
uf75-02.cnf,.\PA3_Benchmarks\PA3_Benchmarks\CNF Formulas\uf75-02.cnf,gsat,1,75,325,324,8.491608
uf75-02.cnf,.\PA3_Benchmarks\PA3_Benchmarks\CNF Formulas\uf75-02.cnf,gsat,2,75,325,325,8.151054
uf75-02.cnf,.\PA3_Benchmarks\PA3_Benchmarks\CNF Formulas\uf75-02.cnf,gsat,3,75,325,322,8.164771
uf75-02.cnf,.\PA3_Benchmarks\PA3_Benchmarks\CNF Formulas\uf75-02.cnf,gsat,4,75,325,325,8.051309
uf75-02.cnf,.\PA3_Benchmarks\PA3_Benchmarks\CNF Formulas\uf75-02.cnf,gsat,5,75,325,321,8.318098
uf75-02.cnf,.\PA3_Benchmarks\PA3_Benchmarks\CNF Formulas\uf75-02.cnf,gsat,6,75,325,325,8.155797
uf75-02.cnf,.\PA3_Benchmarks\PA3_Benchmarks\CNF Formulas\uf75-02.cnf,gsat,7,75,325,325,8.118503
uf75-02.cnf,.\PA3_Benchmarks\PA3_Benchmarks\CNF Formulas\uf75-02.cnf,gsat,8,75,325,325,8.34508
uf75-02.cnf,.\PA3_Benchmarks\PA3_Benchmarks\CNF Formulas\uf75-02.cnf,gsat,9,75,325,324,8.078623
uf75-02.cnf,.\PA3_Benchmarks\PA3_Benchmarks\CNF Formulas\uf75-02.cnf,gsat,10,75,325,325,8.033174
uf75-03.cnf,.\PA3_Benchmarks\PA3_Benchmarks\CNF Formulas\uf75-03.cnf,gsat,1,75,325,323,8.294745
uf75-03.cnf,.\PA3_Benchmarks\PA3_Benchmarks\CNF Formulas\uf75-03.cnf,gsat,2,75,325,324,8.129477
uf75-03.cnf,.\PA3_Benchmarks\PA3_Benchmarks\CNF Formulas\uf75-03.cnf,gsat,3,75,325,322,8.32756
uf75-03.cnf,.\PA3_Benchmarks\PA3_Benchmarks\CNF Formulas\uf75-03.cnf,gsat,4,75,325,322,8.276651
uf75-03.cnf,.\PA3_Benchmarks\PA3_Benchmarks\CNF Formulas\uf75-03.cnf,gsat,5,75,325,323,8.312421
uf75-03.cnf,.\PA3_Benchmarks\PA3_Benchmarks\CNF Formulas\uf75-03.cnf,gsat,6,75,325,322,8.356407
uf75-03.cnf,.\PA3_Benchmarks\PA3_Benchmarks\CNF Formulas\uf75-03.cnf,gsat,7,75,325,322,8.20248
uf75-03.cnf,.\PA3_Benchmarks\PA3_Benchmarks\CNF Formulas\uf75-03.cnf,gsat,8,75,325,324,8.380147
uf75-03.cnf,.\PA3_Benchmarks\PA3_Benchmarks\CNF Formulas\uf75-03.cnf,gsat,9,75,325,323,8.009787
uf75-03.cnf,.\PA3_Benchmarks\PA3_Benchmarks\CNF Formulas\uf75-03.cnf,gsat,10,75,325,323,8.335424
uf75-04.cnf,.\PA3_Benchmarks\PA3_Benchmarks\CNF Formulas\uf75-04.cnf,gsat,1,75,325,323,8.336451
uf75-04.cnf,.\PA3_Benchmarks\PA3_Benchmarks\CNF Formulas\uf75-04.cnf,gsat,2,75,325,323,8.26486
uf75-04.cnf,.\PA3_Benchmarks\PA3_Benchmarks\CNF Formulas\uf75-04.cnf,gsat,3,75,325,323,8.4446
uf75-04.cnf,.\PA3_Benchmarks\PA3_Benchmarks\CNF Formulas\uf75-04.cnf,gsat,4,75,325,323,8.384688
uf75-04.cnf,.\PA3_Benchmarks\PA3_Benchmarks\CNF Formulas\uf75-04.cnf,gsat,5,75,325,323,8.327578
uf75-04.cnf,.\PA3_Benchmarks\PA3_Benchmarks\CNF Formulas\uf75-04.cnf,gsat,6,75,325,323,8.280654
uf75-04.cnf,.\PA3_Benchmarks\PA3_Benchmarks\CNF Formulas\uf75-04.cnf,gsat,7,75,325,323,8.331397
uf75-04.cnf,.\PA3_Benchmarks\PA3_Benchmarks\CNF Formulas\uf75-04.cnf,gsat,8,75,325,323,8.376192
uf75-04.cnf,.\PA3_Benchmarks\PA3_Benchmarks\CNF Formulas\uf75-04.cnf,gsat,9,75,325,325,8.270801
uf75-04.cnf,.\PA3_Benchmarks\PA3_Benchmarks\CNF Formulas\uf75-04.cnf,gsat,10,75,325,324,8.338191
uf75-05.cnf,.\PA3_Benchmarks\PA3_Benchmarks\CNF Formulas\uf75-05.cnf,gsat,1,75,325,323,8.319731
uf75-05.cnf,.\PA3_Benchmarks\PA3_Benchmarks\CNF Formulas\uf75-05.cnf,gsat,2,75,325,325,8.169195
uf75-05.cnf,.\PA3_Benchmarks\PA3_Benchmarks\CNF Formulas\uf75-05.cnf,gsat,3,75,325,323,8.318163
uf75-05.cnf,.\PA3_Benchmarks\PA3_Benchmarks\CNF Formulas\uf75-05.cnf,gsat,4,75,325,322,8.462068
uf75-05.cnf,.\PA3_Benchmarks\PA3_Benchmarks\CNF Formulas\uf75-05.cnf,gsat,5,75,325,324,8.236667
uf75-05.cnf,.\PA3_Benchmarks\PA3_Benchmarks\CNF Formulas\uf75-05.cnf,gsat,6,75,325,323,8.116465
uf75-05.cnf,.\PA3_Benchmarks\PA3_Benchmarks\CNF Formulas\uf75-05.cnf,gsat,7,75,325,323,8.348405
uf75-05.cnf,.\PA3_Benchmarks\PA3_Benchmarks\CNF Formulas\uf75-05.cnf,gsat,8,75,325,324,8.128199
uf75-05.cnf,.\PA3_Benchmarks\PA3_Benchmarks\CNF Formulas\uf75-05.cnf,gsat,9,75,325,324,8.217639
uf75-05.cnf,.\PA3_Benchmarks\PA3_Benchmarks\CNF Formulas\uf75-05.cnf,gsat,10,75,325,324,8.097864
uf75-06.cnf,.\PA3_Benchmarks\PA3_Benchmarks\CNF Formulas\uf75-06.cnf,gsat,1,75,325,324,8.121194
uf75-06.cnf,.\PA3_Benchmarks\PA3_Benchmarks\CNF Formulas\uf75-06.cnf,gsat,2,75,325,325,8.25391
uf75-06.cnf,.\PA3_Benchmarks\PA3_Benchmarks\CNF Formulas\uf75-06.cnf,gsat,3,75,325,324,8.35884
uf75-06.cnf,.\PA3_Benchmarks\PA3_Benchmarks\CNF Formulas\uf75-06.cnf,gsat,4,75,325,324,8.313628
uf75-06.cnf,.\PA3_Benchmarks\PA3_Benchmarks\CNF Formulas\uf75-06.cnf,gsat,5,75,325,324,8.312713
uf75-06.cnf,.\PA3_Benchmarks\PA3_Benchmarks\CNF Formulas\uf75-06.cnf,gsat,6,75,325,323,8.22211
uf75-06.cnf,.\PA3_Benchmarks\PA3_Benchmarks\CNF Formulas\uf75-06.cnf,gsat,7,75,325,324,8.193853
uf75-06.cnf,.\PA3_Benchmarks\PA3_Benchmarks\CNF Formulas\uf75-06.cnf,gsat,8,75,325,323,8.353696
uf75-06.cnf,.\PA3_Benchmarks\PA3_Benchmarks\CNF Formulas\uf75-06.cnf,gsat,9,75,325,325,8.118496
uf75-06.cnf,.\PA3_Benchmarks\PA3_Benchmarks\CNF Formulas\uf75-06.cnf,gsat,10,75,325,323,8.211067
uf75-07.cnf,.\PA3_Benchmarks\PA3_Benchmarks\CNF Formulas\uf75-07.cnf,gsat,1,75,325,323,8.351683
uf75-07.cnf,.\PA3_Benchmarks\PA3_Benchmarks\CNF Formulas\uf75-07.cnf,gsat,2,75,325,323,8.21292
uf75-07.cnf,.\PA3_Benchmarks\PA3_Benchmarks\CNF Formulas\uf75-07.cnf,gsat,3,75,325,324,8.228468
uf75-07.cnf,.\PA3_Benchmarks\PA3_Benchmarks\CNF Formulas\uf75-07.cnf,gsat,4,75,325,325,8.473307
uf75-07.cnf,.\PA3_Benchmarks\PA3_Benchmarks\CNF Formulas\uf75-07.cnf,gsat,5,75,325,324,8.263492
uf75-07.cnf,.\PA3_Benchmarks\PA3_Benchmarks\CNF Formulas\uf75-07.cnf,gsat,6,75,325,323,8.227813
uf75-07.cnf,.\PA3_Benchmarks\PA3_Benchmarks\CNF Formulas\uf75-07.cnf,gsat,7,75,325,324,8.263957
uf75-07.cnf,.\PA3_Benchmarks\PA3_Benchmarks\CNF Formulas\uf75-07.cnf,gsat,8,75,325,324,8.426756
uf75-07.cnf,.\PA3_Benchmarks\PA3_Benchmarks\CNF Formulas\uf75-07.cnf,gsat,9,75,325,323,8.173267
uf75-07.cnf,.\PA3_Benchmarks\PA3_Benchmarks\CNF Formulas\uf75-07.cnf,gsat,10,75,325,324,8.402324
uf75-08.cnf,.\PA3_Benchmarks\PA3_Benchmarks\CNF Formulas\uf75-08.cnf,gsat,1,75,325,324,8.308697
uf75-08.cnf,.\PA3_Benchmarks\PA3_Benchmarks\CNF Formulas\uf75-08.cnf,gsat,2,75,325,323,8.192362
uf75-08.cnf,.\PA3_Benchmarks\PA3_Benchmarks\CNF Formulas\uf75-08.cnf,gsat,3,75,325,325,8.492555
uf75-08.cnf,.\PA3_Benchmarks\PA3_Benchmarks\CNF Formulas\uf75-08.cnf,gsat,4,75,325,323,8.240624
uf75-08.cnf,.\PA3_Benchmarks\PA3_Benchmarks\CNF Formulas\uf75-08.cnf,gsat,5,75,325,323,8.221685
uf75-08.cnf,.\PA3_Benchmarks\PA3_Benchmarks\CNF Formulas\uf75-08.cnf,gsat,6,75,325,324,8.264796
uf75-08.cnf,.\PA3_Benchmarks\PA3_Benchmarks\CNF Formulas\uf75-08.cnf,gsat,7,75,325,324,8.211341
uf75-08.cnf,.\PA3_Benchmarks\PA3_Benchmarks\CNF Formulas\uf75-08.cnf,gsat,8,75,325,324,8.282266
uf75-08.cnf,.\PA3_Benchmarks\PA3_Benchmarks\CNF Formulas\uf75-08.cnf,gsat,9,75,325,325,8.111764
uf75-08.cnf,.\PA3_Benchmarks\PA3_Benchmarks\CNF Formulas\uf75-08.cnf,gsat,10,75,325,324,8.353853
uf75-09.cnf,.\PA3_Benchmarks\PA3_Benchmarks\CNF Formulas\uf75-09.cnf,gsat,1,75,325,325,8.08387
uf75-09.cnf,.\PA3_Benchmarks\PA3_Benchmarks\CNF Formulas\uf75-09.cnf,gsat,2,75,325,323,8.210029
uf75-09.cnf,.\PA3_Benchmarks\PA3_Benchmarks\CNF Formulas\uf75-09.cnf,gsat,3,75,325,325,8.291324
uf75-09.cnf,.\PA3_Benchmarks\PA3_Benchmarks\CNF Formulas\uf75-09.cnf,gsat,4,75,325,325,8.294387
uf75-09.cnf,.\PA3_Benchmarks\PA3_Benchmarks\CNF Formulas\uf75-09.cnf,gsat,5,75,325,325,8.277994
uf75-09.cnf,.\PA3_Benchmarks\PA3_Benchmarks\CNF Formulas\uf75-09.cnf,gsat,6,75,325,325,8.099352
uf75-09.cnf,.\PA3_Benchmarks\PA3_Benchmarks\CNF Formulas\uf75-09.cnf,gsat,7,75,325,325,8.217161
uf75-09.cnf,.\PA3_Benchmarks\PA3_Benchmarks\CNF Formulas\uf75-09.cnf,gsat,8,75,325,325,8.180784
uf75-09.cnf,.\PA3_Benchmarks\PA3_Benchmarks\CNF Formulas\uf75-09.cnf,gsat,9,75,325,325,8.184007
uf75-09.cnf,.\PA3_Benchmarks\PA3_Benchmarks\CNF Formulas\uf75-09.cnf,gsat,10,75,325,324,8.156839
